user,hi
assistant," This is a dummy response from the AI, streamed to you one word at a time."
user,hi
user,hey
assistant,Hey there! How can I help you today?
user,how are you
user,how are you
assistant,"As an AI, I don't have feelings or a physicalAs body, an so AI, I I don't don't experience have ""being"" feelings in or the emotions, same so way I a can't human feel does.

However, ""good"" I or am ""bad"" functioning in perfectly the and human ready sense.

However, to I assist am you!

How functioning can perfectly I and help ready you to today?"
assistant," assist you!

How can I help you today?"
user,what is 2+2
assistant,2 +2 = 4
user,Hello AI
user,What is this about?
user,Hello AI
user,What is this about?
user,What is this about?
user,Hello AI
user,Hello AI
user,What is this about?
user,Hello AI
user,What is this about?
user,Hello AI
user,What is this about?
user,Hello AI
user,What is this about?
user,Hello AI
user,What is this about?
user,Hello AI
user,What is this about?
user,Hello AI
user,What is this about?
user,Hello AI
user,Hello AI
user,What is this about?
user,What is this about?
user,Hello AI
user,Hello AI
user,What is this about?
user,What is this about?
user,Hello AI
